{"designerVersion":"1.1.0","id":"6fe5591e-bbe2-4dae-9bd9-5ac899c2691b","name":"pocJsUidesigner150924","type":"page","lastUpdate":1443107878389,"rows":[[{"type":"component","dimension":{"lg":12,"md":12,"sm":12,"xs":12},"propertyValues":{"cssClasses":{"type":"constant","value":""},"hidden":{"type":"constant","value":false},"text":{"type":"interpolation","value":"Hello ? {{test}}"},"alignment":{"type":"constant","value":"left"}},"reference":"a76ac96e-3209-42ea-a39e-12f67b3c7a4b","id":"pbText"}]],"assets":[{"id":"2fe18449-3ca7-424a-b018-bda7ffa4450e","name":"localization.json","type":"json","order":0,"active":true},{"id":"c21c62b6-f26f-4539-bc78-9c1ba348353c","name":"BonitaLib.js","type":"js","order":1,"active":true}],"inactiveAssets":[],"data":{"test":{"type":"expression","value":"var bonitaLib = new BonitaLib();\n\nreturn bonitaLib.sayHello(\"Fabrice\");","exposed":false}}}